상호명,전화번호,주소
서울대학교 관악캠퍼스 관악서울대학교병원,02-6256-3900,서울 관악구 관악로 1 86동
관악이웃치과의원,02-882-2879,서울 관악구 남부순환로 1649 6층
서울리멤버치과의원,02-884-2080,서울 관악구 남부순환로 1830 송백빌딩 5층
서울정직한치과의원,02-877-8382,서울 관악구 남부순환로 1892 청강빌딩 3층
서울리뉴치과의원,02-888-0053,서울 관악구 관악로 184 2.3층
사과나무치과의원,02-883-2754,서울 관악구 낙성대로 8
서울키즈플러스치과,02-879-2175,서울 관악구 관악로 200 양지하이슈타트 4층
서울열린치과의원,02-6265-7528,서울 관악구 남부순환로 1603 2층
행운치과의원,02-878-1357,서울 관악구 남부순환로 1935 한국해양소년단연맹 2층
박경준치과의원,02-887-4453,서울 관악구 남부순환로 1844 201호
바른이고른이치과의원,02-873-2080,서울 관악구 남부순환로 1607 2-3층
관악본치과의원,02-853-2874,서울 관악구 난곡로 181 성수빌딩 3층
연세유라인치과의원 신림점,02-889-2822,서울 관악구 신림로 340 르네상스쇼핑몰 8층
예미담치과의원,02-888-2275,서울 관악구 대학길 31 2층
플란트인치과의원,02-6953-2875,서울 관악구 시흥대로 578 광안빌딩 5층
서울하이안치과 사당점,02-525-2872,서울 관악구 남현길 7 한얼메디프라자 5층
연세더바른치과의원,02-877-2875,서울 관악구 보라매로 2 2층
우정치과의원,02-888-2811,서울 관악구 남부순환로 1845 2층 202호
연세공감치과의원,02-6275-2275,서울 관악구 신림로 315 4층
관악연세공감치과의원,02-876-3456,서울 관악구 남부순환로 1832 6층
보라매정다운치과의원,02-875-2879,서울 관악구 보라매로 25 칸타빌레7차 2층 201호
에이스치과의원,02-883-8828,서울 관악구 남부순환로 1618
마일스톤즈치과의원,02-568-0280,"서울 관악구 낙성대로 30 2, 3층"
해온미소치과의원,02-6268-2875,서울 관악구 남부순환로 1471 2층
원스치과교정과치과의원,02-6447-2875,"서울 관악구 시흥대로 558-1 4층 401,405,406호"
메디덴트구강내과치과의원,02-874-8029,서울 관악구 남부순환로 1715 2층
유디치과의원 신림점,02-877-8300,서울 관악구 남부순환로 1631 대현빌딩 2층
올리브나무치과의원,02-888-4275,서울 관악구 관악로 234 2층
아너스치과교정과치과의원,02-883-0075,"서울 관악구 관악로 164 대우디오슈페리움1단지 101,102호"
송치과의원,02-887-8269,서울 관악구 신림로 141 4층
365탑치과의원,02-588-2879,서울 관악구 남부순환로 2082-25 3층
그랑교정치과,02-6279-2828,"서울 관악구 남부순환로 1817 Q타워 3층 302, 303호"
더나은치과의원,02-875-2004,서울 관악구 남부순환로 1730 청운빌딩 2층
관악퍼스트치과의원,02-875-2080,서울 관악구 남부순환로 1740 명당빌딩 2층 202호
고세훈치과의원,02-878-5243,서울 관악구 은천로 110 WS타워 4층
유디치과의원 사당점,02-598-6300,서울 관악구 남부순환로 2082-33 성광빌딩 7층
서울삼성치과의원,02-883-7528,서울 관악구 남부순환로 1942
서울정다움치과의원,02-867-2879,"서울 관악구 법원단지길 12 2,3층"
오치과의원,02-889-8312,서울 관악구 신림로 131
서울S치과의원,02-3285-2275,서울 관악구 은천로 101 3층
서울연세미치과의원,02-853-7292,서울 관악구 난곡로35나길 21 2층
관악소아치과의원,02-6274-2875,서울 관악구 관악로 195 관악위버폴리스 B동 4층 412호
센트럴치과,02-865-8215,서울 관악구 난곡로 316 진성타워 4층
이너스치과의원,02-888-2875,서울 관악구 남부순환로 1710 이너스빌딩 2층
양지치과의원,02-887-7522,서울 관악구 남부순환로 1646 3층
조이치과의원,02-877-2811,서울 관악구 남부순환로 1738 제형빌딩 5층
김서랑치과의원,02-878-4152,서울 관악구 신림로 317 2층
고운미소치과의원 관악점,02-887-2119,서울 관악구 관악로 165 홍빌딩 3층
즐거운치과의원,02-879-2804,서울 관악구 인헌6길 21 신풍빌딩 2층
서울하이안치과의원 신대방점,02-858-2879,서울 관악구 난곡로 368 송암빌딩 3층
미치과의원,02-886-8275,서울 관악구 신림로 158 영광메디컬빌딩 6층
명경치과의원,02-888-7372,서울 관악구 신림로 340 르네상스빌딩 13층
서울준치과,02-888-7528,서울 관악구 관악로30길 17 3층
유치과의원,02-872-2828,서울 관악구 남부순환로 1938 성은빌딩 4층 401호
서울이편한치과의원,02-6294-2875,서울 관악구 청룡10길 34 202~204호
NY치과의원,02-867-7528,서울 관악구 난곡로 226 레이크메디칼빌딩 3층
서울호치과의원,02-882-2822,서울 관악구 보라매로 4 2층
믿음치과의원,02-585-1488,서울 관악구 남부순환로 2082-37 유원빌딩 601호
연세 윤치과의원,02-830-0220,서울 관악구 조원로16길 34
삼성현치과의원,02-873-2878,서울 관악구 은천로 97 공원빌딩 7층
우리들치과의원,02-3285-5001,서울 관악구 호암로 399 107호
여디디야치과교정과치과의원,02-878-0275,서울 관악구 남부순환로 1848 4층
필치과,02-3285-2882,서울 관악구 은천로 95
성심치과의원,02-882-2922,서울 관악구 봉천로 615
서울오늘플란트치과의원,02-6013-2879,서울 관악구 남부순환로 1619 영일빌딩 6층
스마트올치과의원,02-6956-2852,서울 관악구 시흥대로 570 4층
예인치과,02-871-2123,서울 관악구 신림로 169 401호
리뉴치과교정과치과의원,02-888-0050,서울 관악구 관악로 183 2-3층
함박웃음치과의원,02-888-2820,서울 관악구 남부순환로 1820 에그옐로우 6층 7~9호
단단플란트치과의원,02-6328-2828,서울 관악구 남부순환로 2064 6층
서울하얀치과의원,02-871-2888,서울 관악구 신림로 326 3층
포근한치과의원,02-6297-2875,서울 관악구 남부순환로 1600 하버드빌딩 4층
연세미소인치과의원,02-6959-0386,서울 관악구 남부순환로 1912 운차빌딩 2층
연세고운미소치과의원 서울대입구점,02-875-7522,서울 관악구 관악로 164 대우디오슈페리움 1단지 3층 308~310호
서울대학교직장부속치과의원,02-880-5338,서울 관악구 관악로 1
초이스플란트치과의원,02-3474-2882,서울 관악구 신림로 351 동산빌딩 3층
언제나이든치과의원,02-866-6898,서울 관악구 난곡로 210 3층
서울나란이치과,02-889-2191,서울 관악구 남부순환로 1801 벽송빌딩 3층
미소랑치과 서울대입구역점,02-882-2828,서울 관악구 관악로 158 BS타워 4층
오케이치과의원,02-877-2879,서울 관악구 남부순환로 1731 자애빌딩 4층
평화치과의원,02-872-2875,서울 관악구 남부순환로 1837 서호빌딩 6층
예쁜미소가지런이 서울치과의원,02-6104-2875,서울 관악구 남부순환로 1597 대영빌딩 5층
오플란트치과의원 서울대입구역점,02-878-2808,서울 관악구 관악로 199 상준빌딩 4층
강훈치과의원,02-888-8825,서울 관악구 관악로 203 엔젤빌딩 4층 401호
믿음준치과의원,02-885-2080,서울 관악구 은천로 118 5층
연세다온치과의원,02-878-2834,서울 관악구 남부순환로 1925 호전클리닉스타워 5층
명문치과의원,02-873-7203,서울 관악구 신림로 321
바른치과의원,02-883-2804,서울 관악구 남부순환로 1926 경동제약빌딩 2층
현치과의원,02-885-2833,서울 관악구 호암로 602 도원빌딩 3층
연세참소망치과,02-888-2872,서울 관악구 봉천로 227 보라매샤르망 3층 302호
아트치과의원,02-886-1700,서울 관악구 신림로 366 정림빌딩 3층
사랑니에진심치과의원,0502-5551-0496,서울 관악구 남부순환로 1637 4층
서울안치과의원,02-874-4868,서울 관악구 신림로 108 2층
연세에이플러스치과의원,02-888-7976,서울 관악구 남부순환로 1808 센츄리빌딩 4층 405호
삼성사랑니졸업치과의원,02-2138-2802,서울 관악구 남부순환로 1812 4층
혜정치과의원,02-889-2228,서울 관악구 남부순환로 1741 3층
이그린치과의원,02-3471-7528,서울 관악구 남부순환로 2068 르메이에르빌딩 201호
서울누가치과의원,02-888-5868,서울 관악구 관악로 230 3층
연세세브란스치과의원,02-6405-2119,서울 관악구 남부순환로 1735 2-3층
건화치과의원,02-877-3237,서울 관악구 중앙1나길 3 2층
연세나눔치과의원,02-864-5252,서울 관악구 난우길 10 8층
바르다권치과의원,02-1661-2878,서울 관악구 조원로 24 신원빌딩 2층
스마일치과의원,02-871-2870,서울 관악구 남부순환로 1838 CS타워 4층
관악더드림치과의원,02-852-2871,서울 관악구 남부순환로 1369 4층
풀잎치과의원,02-6949-2275,서울 관악구 인헌길 17 대성빌딩 3층
왕플란트치과 관악점,1670-7528,서울 관악구 남부순환로 1814 대연빌딩 5층
난곡서울미소치과의원,02-856-7522,서울 관악구 난우길 8 2층
이혁치과,02-886-8860,서울 관악구 신림로 137
서울성심치과의원,02-2088-2283,서울 관악구 난곡로 367 경신빌딩 3층 303호
신림올바른치과의원,02-885-2828,서울 관악구 신림로 312 3층
서울화인치과의원,02-888-4643,서울 관악구 신림로 105 4층
서울본치과,02-877-1007,서울 관악구 관악로 195 관악위버폴리스 B동 3층 316호
미래치과의원,02-879-0028,서울 관악구 은천로 105
강남고려치과의원,02-6403-2876,서울 관악구 관악로 242 2층
은혜치과,02-872-2825,서울 관악구 양녕로 50 4층
리더스치과의원,02-872-2226,서울 관악구 관악로 201 2층
이근형치과의원,02-888-7522,서울 관악구 봉천로 616
미드미치과의원,02-883-2875,서울 관악구 신림로 350 서원프라자 4층
153치과의원,02-3285-7528,서울 관악구 남부순환로 1852 4층
관악웰치과의원,02-882-7528,서울 관악구 신림로 135 육일빌딩 3층 301호
토론토사랑치과의원,02-886-2275,서울 관악구 관악로 306 현대상가 2동 2층 202호
김&안치과의원,02-886-6669,서울 관악구 호암로 605
연세미래치과,02-881-8250,"서울 관악구 신림로 330 타임스트림 6층 604,605호"
마리아쥬니어치과의원,02-871-2811,서울 관악구 봉천로 576 동아타운아파트 2층 201호
진치과의원,02-859-4752,서울 관악구 난곡로 263 2층
연세해맑은치과의원 관악,02-886-2804,서울 관악구 남부순환로 1811 신원메트로빌 2층 202호
미인플란트치과,02-838-3055,서울 관악구 난곡로 234
김태경치과의원,02-882-7427,서울 관악구 은천로 37 정암빌딩 5층
데오플란트치과의원,02-3281-7528,서울 관악구 시흥대로 576 4층
관악이안치과의원,02-875-2801,서울 관악구 은천로 23 2층
예솔치과의원,02-875-1812,서울 관악구 남부순환로 1944 3층
미소안치과의원,02-855-2811,서울 관악구 난곡로 360 역전빌딩 3층
오케이치과,02-868-0038,"서울 관악구 난곡로 53 2,3층"
나비화이트치과의원,02-885-3556,서울 관악구 남부순환로 1840 계림빌딩 3층
서울드림치과의원,02-865-2877,서울 관악구 남부순환로 1434 한미빌딩 3층
제이앤제이치과의원,02-875-2875,서울 관악구 남부순환로 1718
스마일라인치과,02-866-7528,서울 관악구 남부순환로 1599-3
뉴욕치과의원,02-889-2807,서울 관악구 신림로 113 2층
방패치과의원,02-524-1713,서울 관악구 과천대로 851 2층
관악서울치과의원,02-878-9073,서울 관악구 쑥고개로 54
한솔치과의원,02-885-9375,서울 관악구 청림6길 3 관악푸르지오1단지아파트 상가 201호
김성중치과,02-882-2288,서울 관악구 관악로 168
난곡으뜸치과의원,02-6278-2875,서울 관악구 난우길 2 프린스빌딩 2층 2호
이수백치과의원,02-877-9258,서울 관악구 관악로 219 더울림메트로타워 2층 201호
연세치과의원,02-887-4219,서울 관악구 관악로 205 스마일빌딩 6층
이재준치과의원,02-872-9075,서울 관악구 남부순환로 1601-1 3층
아이비치과의원,02-878-2804,서울 관악구 남부순환로 1952 5층
고은치과의원,02-887-7555,서울 관악구 호암로26길 1
치과제니스,02-862-2875,서울 관악구 신사로 104 혜성빌딩 2층
최유석치과의원,02-864-0780,서울 관악구 관천로 17 신림당약국 4층
오사랑치과의원,02-856-7528,서울 관악구 난곡로 176 2층
노벨치과의원,02-882-2754,서울 관악구 청림6길 3 관악푸르지오 상가 212호
이화이치과의원,02-883-2755,서울 관악구 관악로 195 관악위버폴리스 A동 4층 403호
밀레니엄치과의원,02-887-7528,서울 관악구 관악로 218 2층
이음턱편한치과의원,02-6745-2754,서울 관악구 은천로 169 1층
조용진치과,02-869-7708,서울 관악구 신사로 102
연세패밀리치과의원,02-884-2875,서울 관악구 관악로 248 벽송빌딩 5층
E라움치과의원,02-3474-2891,서울 관악구 과천대로 947 사당타워 3층
관악LA치과의원,02-871-2825,서울 관악구 양녕로 46 메카플러스 4층
신일치과의원,02-583-5018,서울 관악구 남현4길 1 201호
푸른치과의원,02-871-6155,서울 관악구 은천로 35
뿌리샘치과의원,02-887-2332,서울 관악구 남부순환로 1733 정민빌딩 4층
박영섭치과의원,02-865-2020,서울 관악구 조원로 128
클린치과의원,02-858-5228,서울 관악구 남부순환로161길 70 4층
한사랑치과,02-873-3170,서울 관악구 은천로25길 69 삼성프라자 2층
치과의정석치과의원,02-3473-2828,서울 관악구 과천대로 939 르메이에르강남타운2 406~408호
문현치과의원,02-863-3244,서울 관악구 남부순환로 1474 3층
서울최치과의원,02-863-5018,서울 관악구 조원로 134
스마일덴치과의원,02-875-3399,서울 관악구 청룡길 48 5층
이레치과의원,02-885-2879,서울 관악구 인헌길 35 영빌딩 3층
세이브치과의원,02-855-2855,서울 관악구 난곡로 214 금정빌딩 4층
선앤민치과의원,02-826-7528,서울 관악구 봉천로 391 두산아파트 상가 3층 313~315호
비앤이치과의원,02-895-2804,서울 관악구 관악로 200 4층 401~402호
산치과의원,02-853-2275,서울 관악구 난곡로 359 2층
이앤치과의원,02-883-2879,서울 관악구 관악로30길 12 봉천우성아파트 상가동 310호
서울CL치과의원 보라매점,02-887-2275,서울 관악구 봉천로 212 희성빌딩 5층
따뜻한인치과의원 서울대입구점,02-874-2804,서울 관악구 관악로 144 우남빌딩 303호
더봄치과의원,02-876-2826,서울 관악구 관악로 287 3층 309호
보람치과의원,02-878-3503,서울 관악구 신림로 152 112-37 동방빌딩 2층
신종렬치과,02-854-1006,서울 관악구 난곡로 85
다니엘치과,02-883-4221,서울 관악구 쑥고개로 86 초광빌딩 4층
이맑은치과의원,02-878-2888,서울 관악구 신림로 344 SK허브그린 3층 309호
홍성철치과의원,02-876-7528,서울 관악구 보라매로 12 3층
이(e)-행복한치과의원,02-877-2275,서울 관악구 은천로25길 69
하얀치과의원,02-882-8275,서울 관악구 관악로 236 3층
서울으뜸치과의원,02-883-2876,서울 관악구 은천로 109 한독빌딩 4층
열린수치과의원,02-874-3100,서울 관악구 관악로40길 47 현대종합상가 A동 402호
도경치과의원,02-878-7615,서울 관악구 신림로 202 2층
난곡치과의원,02-855-6951,서울 관악구 난곡로 197 남강빌딩 4층
경치과의원,02-877-5123,서울 관악구 남부순환로 1764
한솔치과의원,02-885-9375,서울 관악구 신림로 202
연치과의원,02-837-2275,서울 관악구 난곡로 305 2층
오민구치과의원,02-6334-2875,서울 관악구 성현로 80 203동 212호
현대치과의원,02-885-2804,서울 관악구 남부순환로 1734 주원빌딩 3층
진승재치과의원,02-859-7115,서울 관악구 남부순환로172길 1 2층
유춘배치과의원,02-878-5360,서울 관악구 남부순환로 1938
이편한치과의원,02-889-2904,서울 관악구 신림로 318 두산위브클리닉센터 6층
하나치과의원,02-861-7799,서울 관악구 난곡로 50 자연빌딩 3층 301호
남현연세치과의원,02-581-0116,서울 관악구 남부순환로 2056
두산열린치과의원,02-3285-7582,서울 관악구 봉천로 391 두산아파트 상가 2층
퍼스트왕치과의원,02-858-2080,서울 관악구 난곡로 98 파로스프라자 B동 206~207호
서울수치과의원,02-3471-2882,서울 관악구 남부순환로 2062 2층
필립포스치과의원,02-3285-8270,서울 관악구 봉천로 462 은일빌딩 4층
관악전치과의원,02-889-8038,서울 관악구 남부순환로 1917
윤형철치과,02-830-0220,서울 관악구 조원로16길 34
사랑의치과의원,02-882-7575,서울 관악구 남부순환로 1862
최선애치과의원,02-886-2828,서울 관악구 관악로 208 3층
하이치과의원,02-521-1550,서울 동작구 사당로2가길 102 사당자이아파트 상가동 2층 12호
서울미소치과의원,02-598-2875,서울 동작구 사당로 196
서울더원플러스 치과의원,02-6747-2875,서울 동작구 사당로 222 김정문알로에 2-3층
서울이안치과,02-584-8585,서울 동작구 사당로 216
연세부부치과의원,02-583-0652,"서울 동작구 사당로 224 지하1층,5층"
연세윤치과의원,02-525-2870,서울 동작구 사당로16길 14 2층
서울봄치과의원,02-592-2872,서울 동작구 사당로 219 3층
제이든치과의원,02-3474-3984,서울 동작구 사당로13길 31 3층
한마음치과의원,02-582-2835,서울 동작구 사당로16길 35 남서울농협남성지점 2층 2호
자작나무치과의원,02-825-7522,서울 동작구 상도로 347 2층
e하임치과의원,02-3486-2875,서울 동작구 사당로 234 4층
연세채움치과의원,02-822-5753,서울 동작구 상도로 356 5층
서울본치과,02-3280-2875,서울 동작구 상도로53길 13
서울민치과의원,02-3482-2853,서울 동작구 사당로 215 서림빌딩 3층 303호
내이처럼치과병원,02-525-4275,서울 동작구 동작대로27다길 26 이수프라자 2층
이사랑치과의원,02-522-2875,서울 동작구 사당로 236 2층
바른신치과의원,02-2637-2882,서울 동작구 상도로 346-1 힐스테이트 상도 센트럴파크 상가1동 205~206호
리더스진치과의원,02-823-2828,서울 동작구 상도로 346 우일빌딩 3층
새연세부부치과의원,02-522-1865,서울 동작구 사당로 224 4층
미앤서울치과의원,02-815-2275,서울 동작구 상도로 350
윌튼치과의원,02-812-7582,서울 동작구 상도로37길 76
청아치과의원,02-813-6600,서울 동작구 상도로50길 4 2층
연세하늘치과의원,02-3280-7575,서울 동작구 상도로 360 2층
이수스마트치과,02-533-1028,서울 동작구 동작대로 137 서송타워 5층 501호
새연세치과의원,02-522-1865,서울 동작구 사당로 224 4층
세란치과의원,02-598-1512,서울 동작구 사당로 230-1
더자연치과의원,02-584-2080,서울 동작구 남부순환로 2057 5층
서울더원치과의원,02-6335-2875,"서울 동작구 사당로16길 19 2,3층"
바른윤치과의원,02-521-2882,서울 동작구 남부순환로 2059 3층
양치과의원,02-588-2882,서울 동작구 사당로 244
이수CDC 어린이치과의원,02-598-5275,서울 동작구 동작대로 83 헤라피스빌딩 6층
시카고아이치과,02-3471-9545,서울 동작구 사당로 230 2층
연세미소그린치과,02-813-2275,서울 동작구 상도로37길 74 4층
서울이수플란트치과의원,02-3477-2875,서울 서초구 도구로 95
연세좋은치과의원,02-816-2800,서울 동작구 상도로15길 120 2층
연세제이치과의원,02-815-2875,서울 동작구 만양로 17 탑빌딩 2층
최윤정치과의원,02-523-3991,서울 동작구 남부순환로 2065
상도열린치과의원,02-6674-2828,서울 동작구 상도로15길 143 2층 201호
연세고마운치과의원,02-599-2228,서울 동작구 동작대로 127 3층 A호
따뜻한치과병원,02-523-2835,서울 동작구 동작대로 13 보광빌딩 3층
연세어린이사랑치과,02-813-2870,서울 동작구 상도로 301 의암재빌딩 5층
서울열린치과의원,02-6242-2828,"서울 동작구 동작대로 103 1, 2층"
하늘빛치과의원,02-817-7528,서울 동작구 성대로 52 2층
서울SNU치과의원,02-594-5757,서울 동작구 동작대로 65 YM타워 5층
서울민플러스치과의원,02-822-7522,"서울 동작구 상도로 80 2,3층"
서울이튼치과의원,02-586-7773,서울 동작구 남부순환로 2061
신성치과,02-3487-2870,서울 동작구 동작대로 7 6층
페리오치과,02-3472-2800,서울 동작구 동작대로 85 우석빌딩 6층
연세굿모닝 치과의원,02-823-8275,서울 동작구 양녕로 195 3층
연세베스트덴치과,02-836-2223,"서울 동작구 보라매로5길 51 롯데관악타워 310,311호"
M치과의원,02-581-2879,서울 동작구 남부순환로 2077 건축회관 3층
연세엘라인치과의원,02-3473-2275,서울 동작구 사당로 299 이수텐빌딩 1층
수치과의원,02-826-2878,서울 동작구 양녕로 191
행복한 치과,02-599-2755,서울 동작구 사당로23바길 9 2층
좋은이웃치과의원,02-594-2575,서울 동작구 동작대로 119 금성빌딩 3층
이앤이치과교정과치과의원,02-599-2828,서울 동작구 동작대로 123
보라치과의원,02-586-0863,서울 서초구 동작대로 18 3층
서울원픽치과의원,02-567-5668,서울 서초구 동작대로 50 대일빌딩 5층
연세자연치과의원,02-821-8275,서울 동작구 양녕로 281 상도빌딩 2층
상도행복한아이치과의원,02-823-2882,서울 동작구 상도로 234 3층
명인치과의원,02-841-6661,서울 관악구 보라매로3길 29 3층 110호
이수자연치과의원,02-532-2750,서울 동작구 동작대로27길 31 3층 301호
건강치과의원,02-816-2275,서울 동작구 상도로 297-1 2층
우리들치과의원,02-821-2875,서울 동작구 국사봉1길 3 남지빌딩 5층 502호
내치과의원,02-588-1232,서울 서초구 동작대로 38 우림빌딩 3층
나은치과의원,02-823-7582,서울 동작구 상도로 321 동진빌딩 3층
광덕안정치과의원 이수점,0503-7151-7656,서울 서초구 동작대로 130 3층
연세치과,02-815-2828,서울 동작구 상도로 219 극동빌딩 3층
지영철치과의원,02-532-5775,서울 동작구 동작대로29길 69
밝은미소치과의원,02-825-2080,서울 동작구 성대로1길 2 2층
더윌치과의원,02-3472-7527,서울 동작구 동작대로 21 3층
연세정직한치과의원,02-582-7575,"서울 서초구 과천대로 946 201,202호"
굿모닝치과의원,02-596-7582,서울 동작구 사당로 279 진양빌딩 3층
라움치과의원,02-817-2875,서울 동작구 상도로 94 세인트빌딩 3층
방배본치과의원,02-3482-2804,서울 서초구 동작대로 114 유문빌딩 8층
신상완치과의원,02-6482-2000,서울 서초구 동작대로 68 신진오피스 2층
아름다운미소치과의원,02-822-7525,서울 동작구 양녕로 282-1 구암빌딩 2층
연세좋은치과의원,02-525-2875,서울 서초구 방배천로 5-3 4층
서울안치과의원,02-522-7528,서울 동작구 동작대로 7 산광빌딩 5층
서울뷰치과의원,02-823-2822,서울 동작구 장승배기로 31
청플란트치과의원,02-588-6770,서울 동작구 동작대로 79-1
웃는바른이치과교정과치과의원,02-593-0077,"서울 서초구 서초대로 13 방배마에스트로 1동 2층 201,202호"
전혜림치과,02-587-0028,서울 서초구 효령로 18 3층
그린시카고치과의원,02-564-3883,"서울 동작구 사당로 300 이수자이상가 2층 204,205호"
서울영치과의원,02-814-2855,서울 동작구 상도로 202 2층
하나치과의원,02-711-6133,서울 동작구 성대로 72 지하1층
서울유치과의원,02-591-7528,서울 동작구 동작대로 121 경원빌딩 5층
서울새로치과의원,02-3280-7725,서울 동작구 보라매로 105 3층 303~304호
정&오 치과의원,02-826-2875,서울 동작구 상도로 97 3층
서울이웰치과의원,02-3477-0707,서울 서초구 동작대로 134 가나안빌딩 7층
서울에스치과의원,02-816-7528,서울 동작구 국사봉1길 4 2층
오늘하루치과의원,02-522-2828,"서울 동작구 동작대로 89 골든시네마타워 7층 705,708호"
광림치과의원,02-593-6062,서울 서초구 서초대로 3-4 대우디오슈페리움 1차 308호
권택견치과의원,02-821-0719,서울 동작구 상도로 102 2층
박공현치과의원,02-599-5276,서울 서초구 서초대로 35 한양빌딩 3층
골든시니어치과의원,02-3474-2804,서울 서초구 서초대로 24 새한빌딩 5층
연세W치과,02-822-7529,서울 동작구 보라매로 104 2층
심플인플란트치과의원,02-599-2775,서울 서초구 동작대로 118 예다인프라자빌딩 4층
본치과의원,02-814-2804,서울 동작구 만양로 26 건영아파트상가 301호
연세신나는아이 치과의원,02-599-8227,서울 동작구 동작대로 123 네오시떼빌딩 3층
라라치과의원,02-3280-2275,서울 동작구 상도로 246 더라함빌딩 6층
보라매새이나치과의원,02-6746-2080,서울 동작구 보라매로5가길 7 캐릭터그린빌 2층 211~212호
윤철희치과의원,02-533-7528,서울 동작구 동작대로25길 11
권치과,02-821-0719,서울 동작구 상도로 102
미소치과의원,02-532-4396,서울 동작구 동작대로 89 골든시네마타워 402호
윤영윤치과의원,02-582-6044,서울 동작구 동작대로 89 골든시네마타워 405호
이경수서울치과의원,02-824-8275,서울 동작구 상도로 92 7층
서울하늘치과의원,02-6746-2875,서울 동작구 흑석로 105 2층 3호
미즈필치과의원,02-848-3633,서울 동작구 보라매로5가길 24 보라매나산스위트 204호
서울프라임치과,02-823-0007,서울 동작구 양녕로 264 2층
연세네이버치과교정과 치과의원,02-535-1144,서울 동작구 상도로 252 명승빌딩 4층
이수연세세브란스치과의원,02-592-2275,서울 동작구 동작대로29길 8 2층
방배화이트플란트치과의원,02-533-2080,서울 서초구 동작대로 190 301호
웰치과의원,02-596-7528,서울 서초구 동작대로 108
윤치과의원,02-3280-7939,서울 동작구 여의대방로24길 140
서울미치과,02-821-2175,서울 동작구 보라매로 113 3층
상도연세치과의원,02-825-6642,서울 동작구 양녕로 265 2층
이수치과의원,02-581-7528,서울 서초구 서초대로 6 미송타워 5층
상도이편한치과의원,02-6745-2875,서울 동작구 만양로 6 e편한세상 상도노빌리티 상가동 2층 205~207호
김한욱치과의원,02-824-1683,서울 동작구 성대로 40
세명치과의원,02-825-2804,서울 동작구 서달로 163 세명빌딩 4층
서울통치과,02-525-2815,서울 서초구 동작대로 44 은혜빌딩 4층
호산나치과의원 서울점,02-815-9128,서울 동작구 상도로 242 칠성빌딩 4층
시너지치과의원,02-588-0028,서울 동작구 동작대로 83 헤라피스빌딩 3층
그루터기치과 이수점,02-534-2975,서울 서초구 동작대로 118 방배예다인프라자 5층 504호
정영복치과의원,02-821-1187,서울 동작구 상도로 65 금성빌딩 3층
미서울연세치과,02-599-7528,서울 동작구 동작대로29길 9 2층
최남식치과의원,02-599-3261,서울 서초구 동광로 1
건치과의원,02-815-6934,서울 동작구 상도로 178 5층
동행치과의원,02-6332-2275,서울 동작구 상도로 88 2층
미래열린치과의원,02-824-2875,서울 동작구 서달로 158 2층
아름다운치과의원,02-593-0075,서울 동작구 동작대로 101 3층
문치과의원,02-593-2875,서울 서초구 서초대로 13 방배 마에스트로 지하층 101~102호
유치과의원,02-536-3113,서울 동작구 동작대로 129 이호빌딩 2층 201호
신앤범치과의원,02-813-0507,서울 동작구 장승배기로 118-1 2층
유동기치과의원,02-833-6969,서울 동작구 보라매로5가길 16 501호
웰플란트치과의원,02-822-0044,서울 동작구 상도로 207 상도효성해링턴플레이스 상가 2층
라임프로치과의원,1588-9396,"서울 서초구 서초대로 3-4 디오슈페리움1차 3층 301,309호"
연세 꿈사랑아이치과의원,02-844-4500,서울 동작구 보라매로5가길 16 보라매아카데미타워 6층 12호
연세에이스치과의원,02-816-4338,서울 동작구 장승배기로 76 3층
서울좋은치주치과의원,02-3280-2879,서울 동작구 상도로 216 인경빌딩 5층
연세봄이오는치과의원,02-813-2824,서울 동작구 상도로 176 영도빌딩 3층
나노라이너치과교정과치과의원,02-3280-2804,서울 동작구 여의대방로22길 40 더룩스보라매 2층
플란시아치과의원,02-3487-2878,서울 동작구 상도로 81 성모빌딩 3층 301호
이튼치과의원,02-816-1616,서울 동작구 흑석한강로 27 106동 B101호
이수안심치과의원,02-533-2833,서울 동작구 동작대로29길 36 4층 401호
서울고치과의원,02-813-9028,서울 동작구 서달로 166 덕봉빌딩 2층
서울마음치과의원,02-6953-2275,서울 동작구 만양로 11 2층 201호
윤희중치과의원,02-821-7939,서울 동작구 보라매로 96-1
킴스치과의원,02-599-5005,서울 서초구 동작대로 120 성산빌딩 3층
연세스마트치과의원,02-6953-2300,서울 동작구 상도로 69 상원빌딩 2층 203호
보스톤은세치과의원,02-537-5471,서울 서초구 서초대로 3-4 디오슈페리움1 413호
이선복치과의원,02-823-4632,서울 동작구 장승배기로 71 2층
우리들강치과의원,02-821-2878,서울 동작구 국사봉1길 3 5층 501호
그린필치과,02-825-2875,서울 동작구 국사봉길 2 2층
미래치과의원,02-532-4396,서울 동작구 동작대로 89
신원치과의원,02-823-7528,서울 동작구 장승배기로 75 3층
이용을치과의원,02-889-2871,서울 동작구 상도로 153 혜현빌딩 4층
화이트연세치과의원,02-812-7528,서울 동작구 상도로 174 동서남북빌딩 6층
이화치과,02-814-7364,서울 동작구 양녕로38길 2 1층
원플란트치과의원,02-823-3242,서울 동작구 성대로 5 3층
황인대치과,02-599-2875,서울 동작구 동작대로 109 경문빌딩 2층 201호
어울림치과의원,02-3482-3328,서울 동작구 동작대로 141 2층
미담치과의원,02-817-2972,서울 동작구 상도로 192 2층
아름다운치과,02-814-2828,서울 동작구 성대로2길 12 예성빌딩 3층
박석치과의원,02-823-6084,서울 동작구 상도로 93 미미빌딩 6층
이희정치과의원,02-823-2816,서울 동작구 성대로31길 71
미앤미이희정치과의원,02-823-2816,"서울 동작구 상도로 104 3,4층"
백송치과의원,02-814-2275,서울 동작구 서달로 150 해가든프라자 204호
최인호치과의원,02-3476-2882,서울 서초구 동작대로 132 401호
유경선구강악안면외과치과의원,02-536-3113,서울 동작구 동작대로 129
싱아치과의원,02-6275-2875,"서울 동작구 만양로 19 신동아리버파크아파트상가 306,307호"
신기현치과의원,02-595-2880,서울 서초구 동광로12가길 42 2층
보스톤치과,02-826-2275,서울 동작구 서달로 150
김과연치과의원,02-814-2875,서울 동작구 흑석한강로 2 흑석한강센트레빌상가 305~307호
김준수치과의원,02-826-0026,서울 동작구 현충로 131 1층
가야치과병원,02-599-2472,서울 서초구 방배로 177 레마빌딩 4-6층
연세와이즈치과의원,02-6278-2828,서울 동작구 현충로 75 원불교100년기념관 2층 1호
남상치과의원,02-831-2875,서울 영등포구 신풍로 118 신한에디피스빌딩 3층
이웰치과의원,02-821-0047,서울 동작구 여의대방로 134-1 봉림빌딩 4층 405호
서진뷰티치과의원,02-815-3537,서울 동작구 흑석로 112 중앙타워빌 5층 501호
율치과의원,02-3280-2870,서울 동작구 상도로 8 신한빌딩 2층 201호
금아치과의원,02-825-2222,서울 동작구 여의대방로 140 경원빌딩 6층
애플치과의원,02-814-2754,서울 동작구 현충로 118 3층
서울명인치과의원,02-532-2850,서울 서초구 동광로1길 112
서울봄날치과교정과치과의원,02-6956-2979,서울 동작구 상도로 13 6층
사람사랑치과의원 보라매점,02-845-7577,서울 영등포구 여의대방로 95 태창빌딩 3층
황산치과,02-823-2875,서울 동작구 만양로 89
상아치과교정과의원,02-2138-2827,서울 서초구 방배로 227 영춘빌딩 2층 201호
한빛치과의원,02-824-2204,서울 동작구 여의대방로 142
젤편한치과의원,02-832-7528,서울 영등포구 여의대방로 149 2층
서울더키즈치과의원,02-535-2275,서울 서초구 방배로 211 SM빌딩 2층
후플란트치과의원,02-845-2755,서울 동작구 신대방길 2 2층
필치과병원,02-593-0725,서울 서초구 방배로 245 현대클리닉빌딩 3층
한사랑치과,02-821-3855,서울 동작구 만양로 84 212호
미림치과,02-843-2275,서울 영등포구 여의대방로 145 세인트빌딩 2층
미소현치과의원,02-844-2080,서울 영등포구 여의대방로 83 4층
성락치과의원,02-537-1692,서울 서초구 방배로 215
뉴연세보라매치과의원,02-835-1028,서울 영등포구 여의대방로 77 2층
마이스터치과의원,02-887-2847,서울 서초구 방배로36길 9 에코빌 1-2층
서울뉴스마일치과의원,02-842-0797,서울 동작구 여의대방로10길 38 보라매롯데 낙천대아파트상가 지층 2호
현대치과의원,02-812-5600,서울 동작구 매봉로 182 3층
양지바른치과의원,02-581-2273,서울 서초구 방배로 118 5-6층
화인치과의원,02-534-2132,서울 서초구 방배로 195 204호
리움치과의원,02-532-2728,서울 서초구 방배로 195 2층
미드치과,070-4220-6754,서울 서초구 동광로18길 11-3
혜화치과의원,02-853-0769,서울 금천구 남부순환로 1432
쥬빌리치과의원,02-532-2175,서울 서초구 방배로 225
미소를주는치과의원,02-812-0353,서울 동작구 매봉로 178 2층
방배이튼치과의원,02-593-2804,서울 서초구 방배로 174 태창빌딩 3층
장계봉치과의원,02-591-3550,서울 서초구 방배로 169 한국수입협회빌딩 3층
e클래스치과의원,02-596-2804,서울 서초구 동광로 75
최성연치과의원,02-585-2828,서울 서초구 서초대로 96
반포치과의원,02-533-2875,서울 서초구 방배로 144 3층
서리풀치과의원,02-6272-9000,서울 서초구 방배로 162 예광빌딩 2층
김태효치과의원,02-533-8092,서울 서초구 방배로 268 삼호상가 205호
서초엘치과의원,02-6338-7575,서울 서초구 방배로 141 텔콤빌딩 2층
예원치과,02-583-2875,서울 서초구 방배로 115 3층
e해박난치과,02-823-2080,서울 동작구 노량진로 152-1 3층
화이트플러스치과의원,02-841-2075,서울 영등포구 여의대방로 55 신길프라자 2층
해온치과의원,02-836-2580,서울 영등포구 여의대방로 65 돈보스코청소년센터 2층
연세제일치과의원,02-814-0858,서울 동작구 노량진로 150 4층
경원치과의원,02-844-2875,서울 영등포구 가마산로 581 2층
서울참조은치과의원 방배점,02-3474-2800,서울 서초구 방배로 103 디엠타워 3층
제나두치과의원,02-501-2875,서울 서초구 방배로13길 18 방배아크로타워 211호
서울하이안치과의원 방배지점,02-522-2288,서울 서초구 효령로 120 3층
좋은날치과의원,02-6672-2875,서울 영등포구 신풍로 93 메트하임 204호
미드림치과의원,02-586-7528,서울 서초구 방배로 104 안혜빌딩 301호
시크릿치과의원,02-521-2804,서울 서초구 방배로 95 서경빌딩 4층
하상현치과,02-584-2833,서울 서초구 방배로 91
이가편한방배치과의원,02-598-2876,서울 서초구 방배로 81 유경빌딩 2층
최진석치과,02-525-1017,서울 서초구 방배로 97 2층
안정모 치과의원,02-815-0005,서울 동작구 노량진로8길 20
조혜연치과의원,02-584-2875,서울 서초구 방배로 93 보령빌딩 2층
참조은치과의원,02-845-3256,"서울 동작구 시흥대로 668-3 2, 3층"
미소담치과,02-817-2275,서울 동작구 노량진로8길 3 3층
고운치과의원,02-525-2885,서울 서초구 효령로 132 고운메디컬 1층 102호
박상균치과의원,02-582-2135,서울 서초구 방배로20길 4 5층
우리네치과의원,02-849-2150,서울 동작구 대림로 61 2층
로얄치과의원,02-842-1252,서울 영등포구 여의대방로 45
유라치과의원,02-841-9373,서울 동작구 시흥대로 664
더강한치과의원,02-523-2822,서울 서초구 방배로 83 방배센트럴빌딩 4층
서울해치과,02-817-8228,서울 동작구 등용로 119 5층
김민우치과,02-835-2875,서울 동작구 시흥대로 658 2층
정진열치과의원,02-583-8284,서울 서초구 방배로 100
부부치과의원,02-832-1304,서울 동작구 신대방1가길 38 성원상떼빌 105동 303호
송동근치과,02-834-0384,서울 동작구 시흥대로 646
가이드치과의원,02-836-2875,서울 영등포구 신길로 34 2층
미래서울치과의원,02-868-0652,서울 금천구 남부순환로 1386
연세허브치과의원,02-839-7528,서울 금천구 남부순환로 1372
김치과의원,02-815-1700,서울 동작구 여의대방로 250 대림쇼핑타운 4층 405호
이우주치과의원,02-848-2875,서울 영등포구 시흥대로 675 삼성YJ그랜드빌딩 3층 301호
늘푸른지에스치과의원,02-2668-2272,서울 영등포구 신풍로 77 래미안에스티움 B동 110호
한림대학교 강남성심병원 치과,02-829-5233,서울 영등포구 신길로 1
송동근치과의원,02-834-0384,서울 동작구 시흥대로 646
해맑은치과,02-896-3339,서울 금천구 독산로50길 84 3층
한독치과의원,02-832-6815,서울 영등포구 시흥대로 651-1 2층
연세예울치과의원,02-822-2875,"서울 동작구 여의대방로 256 성원상가 2층 204,205호"
로뎀치과의원,02-832-2879,서울 동작구 노량진로 20-7 1층
신풍미소치과의원,02-836-2080,서울 영등포구 신풍로 44 2층
연세감동치과의원,02-843-2875,서울 영등포구 시흥대로 635 대림메디컬빌딩 3층
이사랑치과의원,02-839-4620,서울 금천구 독산로 285 2층
원치과의원,02-841-2877,서울 영등포구 대방천로 172
연세치과의원,02-855-2735,서울 금천구 독산로 360
하늘치과의원,02-816-2978,서울 동작구 알마타길 6 신동아파밀리에상가 112호
구재홍치과의원,02-857-7844,서울 동작구 시흥대로 602 프레콘빌딩 4층
임치과,02-816-2820,서울 동작구 등용로 127 현대아파트상가 103동 202호
감탄치과의원,02-6337-2879,서울 영등포구 신풍로 28 비스타에코 2층 210~214호
명치과의원,02-832-5013,서울 영등포구 신길로 42 2층
365열린치과의원,02-853-7528,서울 영등포구 신길로 167 영등포메디컬타워 301호
연세디자인치과의원,02-846-7528,서울 영등포구 도신로 228 2층
연세완치과의원,02-854-5025,서울 금천구 독산로 366 2층
안아프니치과의원,02-6741-2828,서울 구로구 시흥대로 577 2층
임수환치과의원,02-816-2820,서울 동작구 등용로 127
삼성서울치과의원,02-892-2879,서울 금천구 금하로 816 2층
서울탑치과병원,02-588-2833,서울 서초구 효령로 261-1
서울센텀턱구강내과치과의원,02-6277-2875,서울 영등포구 국제금융로6길 26 한국노총 3층
서울선부부치과,02-523-2804,서울 서초구 방배로 36 이삭빌딩 2층
서울연세감성치과의원,0507-1483-2877,서울 영등포구 신풍로 23 4층
정연진치과의원,02-842-2804,서울 영등포구 신길로 29 e편한세상 아델포레상가 105동 2층 202호
원치과의원,02-852-2875,서울 금천구 독산로85길 22 2층
올치과,02-521-7522,서울 서초구 방배로 22
유디치과의원 독산점,02-838-2875,"서울 금천구 독산로 251 2,3층"
연세세브란스치과의원,02-6293-2875,서울 금천구 시흥대로 427 2층 201호
김대수치과,02-853-5108,서울 금천구 독산로 286 2층
서울바른마음치과의원,02-895-7522,서울 금천구 독산로 135-1 2층
정정균치과의원,02-896-7350,서울 금천구 범안로 1256
이제영치과의원,02-849-2875,서울 영등포구 여의대방로43라길 6
한일치과의원,02-862-5220,서울 금천구 시흥대로 406 2층
썬프라자치과의원,02-6012-2080,서울 영등포구 신길로 39 썬프라자 본관 3층
